{
  "label": "Ed25519",
  "lost": 0,
  "pps": 88.85645921156522,
  "mean": 11.095870553000001,
  "median": 11.224416999999999,
  "standardDeviation": 1.590913491823235,
  "max": 31.971198,
  "min": 9.537157,
  "minMaxMidrange": 20.7541775,
  "minMaxRange": 22.434041,
  "lowLatencyReadings": 0,
  "mediumLatencyReadings": 998,
  "highLatencyReadings": 1000,
  "roundTripTimes": [
    14.035475,
    14.019954,
    14.101413,
    13.913965,
    14.039641,
    13.868548,
    13.520008,
    13.527507,
    13.239488,
    13.187092,
    13.1673,
    13.150426,
    13.114645,
    13.121468,
    13.214019,
    13.086936,
    12.949593,
    12.929958,
    12.931572,
    12.872041,
    12.846364,
    12.942614,
    12.807458,
    12.793448,
    12.840583,
    12.875896,
    12.84251,
    12.918812,
    12.976989,
    12.977093,
    12.894541,
    12.989593,
    13.238082,
    13.21704,
    13.273706,
    13.307769,
    13.425373,
    13.514174,
    13.587872,
    13.500008,
    13.527977,
    13.534904,
    13.275217,
    13.211988,
    12.916676,
    12.916469,
    12.853968,
    12.923239,
    12.837041,
    12.809906,
    12.886521,
    12.835114,
    12.891884,
    12.870791,
    12.810739,
    12.928343,
    12.93027,
    12.916781,
    12.927301,
    12.856729,
    12.89475,
    12.927666,
    12.949801,
    12.926521,
    12.882718,
    12.860947,
    12.938082,
    12.896468,
    12.950947,
    12.90803,
    12.756156,
    12.761938,
    12.921937,
    12.909645,
    12.869958,
    12.807354,
    12.874697,
    13.17678,
    13.094072,
    12.881469,
    12.798917,
    12.844645,
    12.819281,
    12.745843,
    12.905947,
    12.893135,
    12.821104,
    12.814125,
    12.827771,
    12.807822,
    12.914228,
    12.81876,
    12.917614,
    12.991833,
    13.206675,
    12.829385,
    12.85501,
    12.896416,
    13.702091,
    12.997353,
    12.829489,
    13.289228,
    13.171364,
    13.210738,
    13.243967,
    13.136364,
    13.194123,
    13.309071,
    13.312769,
    12.903499,
    12.922249,
    12.88652,
    12.792979,
    12.869489,
    12.869593,
    12.786417,
    12.778552,
    13.88334,
    12.968552,
    12.926624,
    12.862874,
    12.882718,
    12.923239,
    12.827093,
    12.745063,
    12.830479,
    12.932405,
    12.826729,
    12.842927,
    12.933916,
    12.92777,
    12.900062,
    12.817093,
    12.982978,
    13.21553,
    13.281675,
    13.026052,
    12.849854,
    12.948968,
    12.97553,
    13.141519,
    13.214696,
    13.183446,
    13.166884,
    13.313498,
    13.096051,
    13.165321,
    13.043864,
    12.893812,
    12.938343,
    31.971198,
    29.745997,
    13.046832,
    12.824072,
    12.844281,
    12.925166,
    16.126615,
    13.169227,
    12.808656,
    12.795688,
    12.912823,
    13.005479,
    13.119436,
    13.419956,
    13.301259,
    13.549018,
    13.604122,
    13.498654,
    13.232248,
    12.982822,
    12.728344,
    12.528085,
    12.673083,
    12.973552,
    12.788292,
    12.928082,
    13.141364,
    13.093655,
    13.001624,
    12.989853,
    13.361519,
    13.274436,
    12.963603,
    12.793344,
    12.883135,
    12.902406,
    12.839021,
    12.814437,
    12.823083,
    12.799906,
    12.860583,
    12.868448,
    12.845688,
    12.917406,
    12.925115,
    12.787563,
    12.870323,
    12.894802,
    12.92225,
    12.913135,
    12.859437,
    12.845739,
    12.822979,
    12.871052,
    12.912146,
    12.872979,
    12.889802,
    12.786625,
    12.899958,
    12.871104,
    12.895844,
    12.882249,
    12.816364,
    12.843708,
    12.92152,
    12.803031,
    12.814281,
    12.879749,
    12.802198,
    12.940843,
    12.86277,
    12.756156,
    12.8185,
    12.831364,
    12.846208,
    12.903864,
    12.710063,
    13.322197,
    13.50355,
    13.890111,
    13.637195,
    13.587195,
    13.415634,
    11.956055,
    11.755952,
    12.127721,
    12.03043,
    12.105533,
    12.059596,
    12.215429,
    12.072044,
    12.040899,
    12.34923,
    12.391887,
    12.167408,
    12.42522,
    12.57574,
    13.367821,
    12.138241,
    12.072981,
    11.79569,
    11.625118,
    11.428974,
    11.40314,
    11.382359,
    11.262203,
    11.343974,
    11.233766,
    11.241369,
    11.295432,
    11.274859,
    11.288974,
    11.242984,
    11.201057,
    11.289234,
    12.05293,
    11.472255,
    11.412046,
    11.29512,
    11.287672,
    11.289599,
    11.298504,
    11.185119,
    11.259026,
    11.174807,
    11.80418,
    12.372096,
    12.658083,
    12.761938,
    12.783239,
    11.711628,
    10.142571,
    9.800281,
    9.750593,
    9.727051,
    9.781687,
    9.710125,
    9.858926,
    10.672725,
    11.113036,
    11.061423,
    10.474966,
    10.289654,
    10.785069,
    10.773038,
    10.341165,
    9.961686,
    9.725385,
    9.748771,
    9.641844,
    9.721271,
    9.671531,
    9.674292,
    9.659395,
    9.537157,
    9.693667,
    9.610907,
    9.753458,
    9.630073,
    9.712989,
    9.604188,
    9.728822,
    9.754916,
    9.639239,
    9.784187,
    9.63575,
    9.599344,
    9.64049,
    9.667729,
    9.654865,
    9.561219,
    9.653406,
    9.67851,
    9.73726,
    9.669031,
    9.749707,
    9.716218,
    9.762676,
    9.732573,
    9.624292,
    9.683146,
    9.665437,
    9.701167,
    9.651688,
    9.624188,
    9.73674,
    9.6445,
    9.786479,
    9.713874,
    9.79778,
    9.679135,
    9.824082,
    9.790332,
    9.787052,
    9.693146,
    9.796374,
    9.70976,
    9.689136,
    9.797676,
    9.616948,
    9.657937,
    9.68101,
    9.669135,
    9.701323,
    9.687677,
    9.72002,
    9.662521,
    9.639708,
    9.725229,
    9.669552,
    9.72924,
    9.823666,
    9.629343,
    9.680593,
    9.724656,
    9.619656,
    9.720281,
    9.71351,
    9.691844,
    9.697208,
    9.631532,
    9.674344,
    9.66773,
    9.76377,
    9.668041,
    9.72377,
    9.669448,
    9.748979,
    9.711322,
    9.647104,
    9.818093,
    9.775541,
    9.717625,
    9.641688,
    9.672208,
    9.678926,
    9.685489,
    9.709552,
    9.610907,
    9.716844,
    9.753562,
    9.735437,
    9.689135,
    9.766635,
    9.674291,
    9.817625,
    9.789291,
    9.900801,
    10.42231,
    9.925384,
    9.755281,
    9.854343,
    9.724499,
    9.782572,
    9.835437,
    9.849968,
    9.781583,
    9.827312,
    9.897676,
    9.782051,
    9.779082,
    9.777989,
    9.773823,
    9.827885,
    9.767052,
    10.584705,
    9.982936,
    9.8845,
    9.990697,
    9.900176,
    9.845228,
    9.872989,
    9.774396,
    9.75101,
    9.843197,
    9.797989,
    9.801219,
    9.701375,
    9.801323,
    9.726167,
    9.851739,
    9.829499,
    9.905436,
    9.747468,
    9.882677,
    9.858927,
    9.845749,
    9.79351,
    9.842624,
    9.805385,
    9.865697,
    9.791062,
    9.773353,
    9.833718,
    9.781635,
    9.753146,
    9.784865,
    9.868353,
    9.740541,
    9.845385,
    9.835801,
    9.826167,
    9.738718,
    9.846582,
    9.756895,
    9.883562,
    9.730541,
    9.769864,
    9.737885,
    9.882677,
    9.831791,
    9.738666,
    9.800489,
    9.845958,
    9.815124,
    9.737885,
    9.753405,
    9.773822,
    9.772208,
    9.770177,
    9.771583,
    9.741583,
    10.396581,
    9.941322,
    9.924187,
    9.859187,
    9.797156,
    9.844082,
    9.904552,
    9.716375,
    9.841479,
    9.727312,
    9.788562,
    9.777469,
    9.783927,
    9.744448,
    10.316217,
    9.936374,
    9.772312,
    9.786427,
    9.857468,
    9.74174,
    9.835228,
    9.772364,
    10.003249,
    10.022884,
    9.709552,
    9.909655,
    9.927624,
    9.756271,
    9.763719,
    9.940228,
    9.734083,
    9.767,
    9.791478,
    9.791895,
    9.711062,
    9.853406,
    9.790333,
    9.873562,
    9.746374,
    9.948249,
    9.677417,
    10.270175,
    10.29679,
    10.076321,
    10.02877,
    9.840541,
    9.908093,
    9.790854,
    9.726115,
    9.780386,
    9.752937,
    9.849811,
    9.754969,
    9.725958,
