{
  "label": "HmacSHA512_256",
  "lost": 0,
  "pps": 289.07784896103,
  "mean": 3.342147085,
  "median": 3.2793004999999997,
  "standardDeviation": 0.5069553305153658,
  "max": 6.694644,
  "min": 2.779305,
  "minMaxMidrange": 4.7369745000000005,
  "minMaxRange": 3.9153390000000003,
  "lowLatencyReadings": 998,
  "mediumLatencyReadings": 1000,
  "highLatencyReadings": 1000,
  "roundTripTimes": [
    3.611018,
    3.553831,
    3.569456,
    3.565601,
    3.507997,
    3.595914,
    3.618517,
    3.557163,
    3.591747,
    3.538466,
    3.554299,
    3.557893,
    3.552164,
    3.492893,
    3.551591,
    3.520862,
    3.545133,
    3.545498,
    3.499144,
    3.436592,
    3.46081,
    3.526226,
    3.486227,
    3.491487,
    3.423467,
    3.419925,
    3.427425,
    3.45055,
    3.432008,
    3.460497,
    3.495654,
    3.439404,
    3.470029,
    3.471019,
    3.430238,
    3.501539,
    3.483727,
    3.447841,
    3.52456,
    3.454508,
    3.4043,
    3.499768,
    3.452217,
    3.424613,
    3.456071,
    3.378206,
    3.432946,
    3.453832,
    3.383259,
    3.460498,
    3.415186,
    3.44404,
    3.43555,
    3.520393,
    3.673933,
    3.576903,
    3.469925,
    4.240232,
    3.673673,
    3.54555,
    3.714246,
    3.637684,
    3.57706,
    3.455289,
    3.424977,
    3.465654,
    3.458831,
    3.483102,
    3.463571,
    3.520914,
    3.4493,
    3.436071,
    3.458258,
    3.592841,
    3.434508,
    3.399456,
    3.433832,
    3.422581,
    3.426279,
    3.426227,
    3.43831,
    3.431644,
    3.44253,
    4.560595,
    3.569351,
    3.497841,
    3.453727,
    3.495185,
    3.470081,
    3.408571,
    3.456644,
    3.430342,
    3.415915,
    3.452685,
    3.443675,
    3.50305,
    3.421279,
    3.508518,
    3.504352,
    3.546018,
    3.471852,
    3.501539,
    3.497842,
    3.470289,
    3.485237,
    3.504873,
    3.534039,
    3.48581,
    3.552737,
    3.502008,
    3.47805,
    3.508622,
    3.462008,
    3.485185,
    3.497372,
    3.494613,
    3.481592,
    3.491904,
    3.440081,
    3.480185,
    3.561278,
    3.466018,
    3.508518,
    3.482841,
    3.514456,
    3.485602,
    3.494665,
    3.477946,
    3.540653,
    3.560966,
    3.50081,
    3.465966,
    3.450185,
    3.482894,
    3.503674,
    3.479925,
    3.487581,
    3.43805,
    3.472841,
    3.549091,
    3.476904,
    3.499404,
    3.469873,
    3.511539,
    3.475185,
    3.510966,
    3.494456,
    3.476748,
    3.57706,
    3.653986,
    3.79711,
    3.704142,
    3.680809,
    3.672371,
    3.649871,
    3.550236,
    3.485237,
    3.426435,
    3.616226,
    3.857578,
    3.745392,
    3.798985,
    3.884505,
    3.881953,
    3.764454,
    3.949817,
    4.153045,
    4.058306,
    4.173201,
    4.226587,
    4.197159,
    4.351689,
    4.353565,
    4.498304,
    4.175649,
    4.251222,
    4.157108,
    4.269764,
    4.301638,
    4.18242,
    4.486636,
    4.568042,
    4.217576,
    4.107264,
    4.285336,
    4.451637,
    4.194399,
    4.346221,
    4.169451,
    4.32195,
    4.03138,
    4.549241,
    4.177368,
    4.316012,
    4.057004,
    4.285649,
    4.475075,
    3.997525,
    4.317836,
    4.044087,
    4.252888,
    4.163878,
    3.925078,
    3.77034,
    4.343357,
    3.912682,
    4.979446,
    4.426897,
    4.086171,
    4.218149,
    4.366585,
    4.161691,
    4.503616,
    4.182836,
    3.990911,
    4.1569,
    4.555855,
    4.174035,
    3.98414,
    3.894401,
    4.543095,
    4.430439,
    4.837728,
    4.417991,
    4.374762,
    5.049185,
    4.443252,
    4.472679,
    4.286638,
    4.218774,
    5.16783,
    4.617001,
    5.908086,
    4.344398,
    4.307732,
    4.75278,
    4.298565,
    4.105233,
    4.135181,
    4.217993,
    4.441429,
    3.990547,
    4.051275,
    4.046379,
    4.049973,
    4.320284,
    3.856745,
    4.075442,
    4.123618,
    3.754559,
    3.763829,
    3.66883,
    3.540133,
    3.631018,
    3.574403,
    3.516175,
    3.541487,
    3.55956,
    3.732423,
    3.427321,
    3.597997,
    3.594664,
    3.523049,
    3.397061,
    3.636538,
    3.526643,
    3.685913,
    3.520133,
    3.604976,
    3.608466,
    3.431487,
    3.627215,
    3.517685,
    3.629507,
    3.614351,
    3.43055,
    3.813777,
    3.479248,
    3.42081,
    3.389821,
    3.46706,
    4.066118,
    3.967525,
    3.870339,
    4.051691,
    3.676122,
    3.965077,
    3.979869,
    4.141223,
    4.242941,
    4.119868,
    4.065234,
    4.173254,
    4.100754,
    4.133462,
    4.097472,
    3.961536,
    4.260961,
    4.082109,
    4.159295,
    4.032785,
    3.744611,
    3.675184,
    3.739141,
    4.070077,
    4.026327,
    3.710496,
    3.515185,
    3.344613,
    3.264665,
    3.249979,
    3.838204,
    3.550862,
    3.570393,
    3.536539,
    3.56383,
    3.542424,
    3.540497,
    3.570445,
    3.554768,
    3.979817,
    3.913515,
    3.745288,
    3.953151,
    4.025129,
    3.79961,
    3.833776,
    3.782839,
    3.734975,
    3.541695,
    3.9844,
    3.743934,
    3.783777,
    4.324294,
    3.764766,
    3.620184,
    3.525081,
    3.745548,
    3.684819,
    3.516071,
    3.604924,
    3.608101,
    3.473779,
    3.646798,
    3.625862,
    3.503205,
    4.882468,
    3.29779,
    3.315551,
    3.23602,
    3.277738,
    3.181177,
    3.156125,
    3.282478,
    5.696941,
    3.41904,
    4.28893,
    3.781693,
    3.375706,
    3.34003,
    3.320915,
    3.604976,
    3.54206,
    3.519247,
    3.520185,
    3.269249,
    3.904974,
    6.01397,
    3.441957,
    4.196326,
    3.510029,
    3.420133,
    3.360394,
    3.378207,
    3.640132,
    3.821589,
    3.780496,
    3.698934,
    3.529195,
    3.307895,
    3.385654,
    4.153514,
    4.585386,
    3.566695,
    3.326957,
    3.494039,
    4.092681,
    3.773725,
    3.431852,
    3.524612,
    3.440863,
    3.407842,
    3.557164,
    3.292947,
    3.457841,
    3.276384,
    3.169093,
    3.09373,
    2.936074,
    2.934825,
    2.933001,
    3.033574,
    2.921022,
    2.942688,
    2.895866,
    3.26404,
    3.424092,
    3.371696,
    3.363832,
    3.347009,
    3.179562,
    2.99722,
    2.928886,
    2.923209,
    2.923626,
    2.984199,
    2.914043,
    2.842533,
    2.871544,
    2.826961,
    3.042584,
    3.377269,
    3.300655,
    3.427842,
    3.552893,
    3.061594,
    2.963938,
    2.916595,
    2.908522,
    2.86295,
    2.885294,
    2.841231,
    2.877533,
    2.847845,
    2.872845,
    2.840085,
    2.827065,
    2.856648,
    2.90795,
    2.880762,
    2.900658,
    2.913054,
    2.898419,
    2.831335,
    2.866283,
    2.869772,
    2.84045,
    2.888835,
    2.951804,
    2.892272,
    2.849981,
    2.893835,
    2.918678,
    2.919251,
    2.88571,
    2.872325,
    2.888783,
    2.854044,
    2.866283,
    2.895814,
    2.83769,
    2.982219,
    2.830294,
    2.841388,
    2.872429,
    3.034302,
    2.963157,
    2.937272,
    2.934877,
    2.954668,
    2.922376,
    2.92097,
    2.906751,
    2.920293,
    2.917846,
    2.924772,
    2.966491,
    2.960084,
    2.973834,
    3.114927,
    2.932949,
    2.941804,
    2.902793,
    2.889356,
    2.906751,
    2.926595,
    2.913574,
    2.925084,
    2.943574,
    2.984615,
    2.92321,
    2.873679,
    2.890241,
    2.939772,
    2.91847,
    2.935137,
    2.935345,
    2.935032,
    2.902116,
    2.943731,
    2.907273,
    2.950293,
    2.926908,
    2.901908,
    2.944303,
    3.684246,
    3.025345,
    2.959304,
    2.93722,
    2.920137,
    2.948887,
    3.036021,
    3.050188,
    2.90071,
    2.930605,
    2.922897,
    2.924356,
    2.94696,
    2.926699,
    2.94295,
    2.91347,
    2.922585,
    2.908105,
    2.942272,
    2.92571,
    2.928834,
    2.923783,
    2.911543,
    2.941231,
    2.923522,
    2.929511,
    3.875704,
    3.004355,
    2.96597,
    2.990344,
    2.928678,
    2.92696,
    2.924668,
    2.917272,
    2.927741,
    2.926074,
    2.926959,
    2.929616,
    2.948314,
    2.910866,
    2.917897,
    2.925606,
