{
  "label": "S_CASA",
  "lost": 1,
  "pps": 8.174210177852093,
  "mean": 119.85141095995996,
  "median": 113.127346,
  "standardDeviation": 28.53376118867778,
  "max": 509.392499,
  "min": 111.385308,
  "minMaxMidrange": 310.38890349999997,
  "minMaxRange": 398.007191,
  "lowLatencyReadings": 0,
  "mediumLatencyReadings": 0,
  "highLatencyReadings": 998,
  "roundTripTimes": [
    112.680056,
    114.082089,
    111.831618,
    112.139118,
    112.648286,
    111.944274,
    112.856619,
    112.060264,
    112.616618,
    114.49886,
    113.146671,
    112.725473,
    111.537815,
    111.686722,
    112.908182,
    113.899068,
    112.355003,
    112.045472,
    112.400525,
    113.27089,
    112.230107,
    112.648546,
    112.314378,
    113.176099,
    112.551515,
    112.606515,
    112.012503,
    112.410003,
    112.346618,
    282.79173,
    264.687546,
    113.981307,
    113.091671,
    113.480422,
    113.031254,
    119.344177,
    135.202473,
    128.990592,
    150.186655,
    152.809521,
    135.367057,
    130.016374,
    122.53194,
    113.022764,
    113.229066,
    113.530369,
    112.812035,
    113.054535,
    113.305681,
    113.421671,
    113.220994,
    113.186358,
    112.456878,
    113.46089,
    113.693702,
    113.805369,
    112.035784,
    113.275056,
    112.026513,
    113.737504,
    112.273961,
    112.714639,
    114.019588,
    113.89287,
    112.763024,
    112.178336,
    112.64542,
    112.061149,
    114.24688,
    113.705005,
    112.507816,
    113.268597,
    113.500161,
    113.382921,
    112.734118,
    113.332817,
    113.763337,
    113.169379,
    112.398909,
    112.390107,
    113.62891,
    114.194484,
    112.984378,
    117.308914,
    135.475389,
    129.028144,
    134.96341,
    146.721442,
    127.223924,
    128.006684,
    130.336686,
    136.417683,
    113.167556,
    113.064951,
    114.813599,
    112.803597,
    112.118545,
    112.681826,
    113.342972,
    113.085941,
    113.661514,
    112.433493,
    112.411878,
    113.406462,
    113.122712,
    112.282242,
    112.072138,
    113.002034,
    113.393441,
    112.979066,
    112.244847,
    112.51943,
    114.170525,
    112.878857,
    112.65943,
    111.887138,
    112.671358,
    112.56344,
    114.356827,
    113.645837,
    112.640524,
    115.521516,
    114.125577,
    113.089274,
    112.629066,
    113.384274,
    112.712867,
    113.340733,
    112.499274,
    112.852451,
    113.116253,
    128.014965,
    132.88122,
    126.434027,
    126.975902,
    132.846585,
    157.454212,
    143.204459,
    152.339572,
    127.96059,
    133.564763,
    128.017726,
    113.650212,
    112.336721,
    113.202607,
    114.808599,
    112.617347,
    112.221878,
    112.656305,
    113.715264,
    112.692919,
    112.336565,
    112.159482,
    290.563661,
    287.596002,
    112.849378,
    113.603233,
    113.701879,
    112.738128,
    112.601253,
    114.116462,
    113.638598,
    112.91469,
    112.842606,
    112.6687,
    114.579223,
    113.302659,
    112.617451,
    112.522242,
    113.058127,
    112.671044,
    112.043127,
    112.275158,
    112.052242,
    113.24917,
    112.925836,
    112.182763,
    111.865627,
    113.965368,
    112.147919,
    134.98992,
    132.828616,
    119.884176,
    133.089085,
    128.344131,
    112.845992,
    111.809793,
    112.89792,
    112.145314,
    112.974169,
    111.735783,
    111.842554,
    112.488023,
    113.743024,
    112.530366,
    112.137919,
    112.966409,
    113.278284,
    112.859117,
    112.763648,
    112.934222,
    113.266513,
    113.414118,
    112.458543,
    112.786513,
    113.276097,
    112.594065,
    114.203598,
    113.699066,
    112.092346,
    113.008648,
    115.912505,
    112.139533,
    112.712242,
    113.543076,
    112.871617,
    113.625471,
    113.049169,
    112.609169,
    113.621357,
    113.402763,
    112.734742,
    112.506773,
    113.603128,
    113.656097,
    112.953492,
    130.793977,
    128.737361,
    142.610082,
    132.446687,
    131.626531,
    126.662932,
    122.278918,
    113.807816,
    113.643128,
    112.423908,
    112.369064,
    113.119378,
    112.789481,
    111.869949,
    112.585939,
    112.15646,
    112.788179,
    112.667033,
    112.037865,
    111.985679,
    113.282295,
    113.455627,
    113.49969,
    113.31719,
    112.558335,
    113.01995,
    112.58797,
    112.863908,
    112.071668,
    113.644534,
    114.618909,
    112.80995,
    111.830678,
    112.381512,
    113.983389,
    112.592553,
    112.533022,
    111.826251,
    112.484689,
    112.313283,
    113.127346,
    111.970262,
    112.562554,
    113.623805,
    113.232763,
    112.486876,
    112.288855,
    130.720123,
    133.160021,
    113.693128,
    117.751881,
    130.365956,
    135.721482,
    127.802412,
    288.907614,
    287.558134,
    113.552659,
    112.475991,
    114.245524,
    113.15495,
    112.516459,
    113.426617,
    112.493387,
    112.704064,
    113.488909,
    113.926305,
    113.283856,
    113.030002,
    113.084013,
    112.50646,
    113.648596,
    112.745678,
    112.986356,
    113.711669,
    113.300314,
    111.88875,
    112.984689,
    112.626459,
    112.829741,
    113.230679,
    112.429115,
    112.387397,
    113.052554,
    113.533648,
    112.088126,
    112.332657,
    112.720523,
    112.968596,
    113.9662,
    113.263283,
    138.586015,
    132.097467,
    128.211213,
    140.504402,
    146.044824,
    141.795028,
    142.579248,
    148.99342,
    140.800705,
    146.094147,
    148.876129,
    119.656726,
    113.007033,
    112.325678,
    112.287397,
    113.223023,
    113.49995,
    112.596668,
    112.489636,
    112.622553,
    112.401824,
    113.491512,
    112.444897,
    112.348073,
    113.098386,
    114.847347,
    111.967604,
    112.471928,
    112.894845,
    112.591824,
    113.037293,
    111.813178,
    111.932292,
    113.230835,
    112.82448,
    113.288387,
    113.204325,
    113.158804,
    112.401355,
    112.877918,
    112.640417,
    112.613126,
    112.991772,
    112.617136,
    113.489585,
    112.061928,
    112.613491,
    112.27224,
    112.89547,
    112.05125,
    113.355418,
    113.221408,
    112.005417,
    112.944897,
    112.227344,
    136.402106,
    146.060761,
    148.253263,
    112.089375,
    113.422032,
    113.008699,
    112.627917,
    114.034897,
    112.440209,
    112.122552,
    113.039428,
    112.185573,
    113.29922,
    112.816355,
    113.895314,
    111.820833,
    112.923802,
    112.406979,
    112.066562,
    114.534742,
    112.553022,
    113.25849,
    112.264011,
    113.407136,
    111.859219,
    112.880782,
    112.133854,
    112.620365,
    112.797292,
    112.674376,
    113.840574,
    113.056251,
    113.238439,
    112.634271,
    114.029689,
    464.079077,
    112.97224,
    114.389273,
    112.899115,
    112.892449,
    114.067346,
    113.010834,
    113.433074,
    120.206309,
    155.821916,
    128.239338,
    113.236146,
    112.888386,
    112.643907,
    113.553178,
    112.380157,
    113.171459,
    112.357187,
    112.778854,
    112.493802,
    112.782032,
    112.180208,
    113.269793,
    113.26198,
    113.532449,
    113.222553,
    111.932759,
    113.390157,
    112.284636,
    112.402447,
    113.0875,
    113.283751,
    113.15599,
    112.098854,
    112.887397,
    112.124844,
    113.017709,
    112.57776,
    113.08625,
    113.837449,
    112.811719,
    112.930365,
    112.014583,
    114.110002,
    113.453699,
    114.04547,
    112.517917,
    112.120103,
    113.376042,
    112.861302,
    114.033178,
    111.80453,
    112.910417,
    112.410781,
    140.481068,
    128.66715,
    126.376992,
    132.087466,
    128.561056,
    127.21866,
    128.139597,
    128.83387,
    132.770799,
    129.185067,
    112.412292,
    112.333125,
    112.7425,
    111.935833,
    114.757397,
    112.532969,
    112.040416,
    113.062813,
    112.397552,
