{
  "label": "SHA512withRSA",
  "lost": 0,
  "pps": 77.42760160759894,
  "mean": 12.703402829,
  "median": 12.0342805,
  "standardDeviation": 1.1796228543217175,
  "max": 16.804665,
  "min": 11.741495,
  "minMaxMidrange": 14.27308,
  "minMaxRange": 5.0631699999999995,
  "lowLatencyReadings": 0,
  "mediumLatencyReadings": 1000,
  "highLatencyReadings": 1000,
  "roundTripTimes": [
    15.936749,
    15.222896,
    15.199406,
    15.20149,
    15.501124,
    15.504302,
    15.273729,
    15.252062,
    15.176594,
    15.172844,
    15.179562,
    15.1355,
    15.398364,
    15.269719,
    15.177167,
    15.152844,
    15.189407,
    15.162948,
    15.198468,
    15.191542,
    15.264354,
    15.245969,
    15.2405,
    15.214927,
    15.263312,
    15.208208,
    15.046906,
    15.571958,
    15.95128,
    16.130187,
    15.951489,
    16.282426,
    14.853001,
    14.903157,
    14.399824,
    14.428418,
    14.393626,
    13.895606,
    13.663158,
    13.573783,
    13.373731,
    13.299617,
    13.160503,
    13.190034,
    13.209305,
    13.149461,
    13.174721,
    13.160295,
    13.191961,
    13.169877,
    13.203784,
    13.152013,
    13.230086,
    13.241336,
    13.196701,
    14.810136,
    13.712117,
    13.588262,
    13.620606,
    13.557222,
    13.71295,
    13.678158,
    13.527899,
    13.257847,
    13.267742,
    13.305138,
    13.315555,
    13.269096,
    14.491126,
    13.488054,
    13.637064,
    13.626648,
    13.583784,
    13.612794,
    13.573107,
    13.560294,
    13.549878,
    13.420503,
    13.267377,
    13.206596,
    13.19545,
    13.248888,
    13.304044,
    13.311389,
    13.203055,
    13.203523,
    13.197221,
    13.220763,
    13.206232,
    13.188368,
    13.193992,
    13.255919,
    13.386232,
    13.633262,
    13.582117,
    13.550607,
    13.546336,
    13.51269,
    13.594148,
    13.913366,
    13.289825,
    13.224878,
    13.504044,
    13.416284,
    13.242794,
    13.398992,
    14.01295,
    14.115398,
    14.069772,
    14.063939,
    14.0917,
    14.074929,
    14.482012,
    14.05998,
    12.898003,
    12.897066,
    12.823941,
    12.300243,
    12.245504,
    12.194931,
    12.054411,
    11.996546,
    11.970036,
    11.941598,
    11.944359,
    11.973213,
    11.940036,
    11.95238,
    12.390973,
    12.759254,
    12.240347,
    12.793055,
    12.673629,
    12.135453,
    12.169098,
    12.05113,
    11.975088,
    11.950973,
    11.929359,
    12.523369,
    12.750504,
    12.51092,
    12.047796,
    11.94488,
    12.045035,
    12.079462,
    12.041182,
    12.0029,
    12.423889,
    13.120138,
    12.866701,
    13.166493,
    12.761909,
    12.776961,
    12.473785,
    12.054567,
    12.001911,
    12.004828,
    12.049098,
    12.834566,
    12.704567,
    12.592587,
    12.064827,
    11.971181,
    12.245452,
    11.996181,
    11.985505,
    12.170764,
    12.209827,
    12.037171,
    11.970296,
    11.963629,
    12.020504,
    11.917588,
    12.048473,
    12.014671,
    11.974983,
    11.986442,
    11.987536,
    12.015192,
    11.951963,
    11.936755,
    11.947431,
    11.994671,
    11.971078,
    11.988525,
    12.485399,
    13.321232,
    12.904774,
    12.124567,
    12.850764,
    12.811649,
    13.04816,
    13.122378,
    12.76191,
    13.969721,
    13.228368,
    12.910972,
    12.819202,
    12.659098,
    12.497795,
    11.990505,
    11.881129,
    11.920244,
    11.92962,
    11.932171,
    11.942901,
    11.907901,
    11.926755,
    11.926754,
    11.941598,
    11.916546,
    11.924723,
    11.924515,
    11.981807,
    11.96415,
    11.901494,
    11.93014,
    11.936807,
    12.013109,
    11.940713,
    12.051286,
    11.947953,
    12.029359,
    11.904254,
    11.936598,
    11.920088,
    11.927171,
    11.906234,
    11.944932,
    11.948317,
    11.926651,
    11.913213,
    11.93264,
    11.909723,
    11.911182,
    11.949984,
    11.921285,
    11.919411,
    11.931181,
    11.926025,
    11.930036,
    11.927588,
    11.881546,
    11.965192,
    11.928265,
    11.930869,
    11.938057,
    11.926338,
    11.921911,
    11.916286,
    11.951703,
    12.066389,
    12.062431,
    11.934828,
    11.960869,
    11.990087,
    12.005765,
    11.951963,
    11.922484,
    12.04165,
    12.350713,
    12.117692,
    12.013005,
    11.929879,
    11.925245,
    11.980348,
    11.955192,
    12.020557,
    11.929827,
    12.004411,
    12.555295,
    12.472171,
    12.135348,
    11.978838,
    11.91337,
    11.900296,
    11.956859,
    11.926963,
    11.922067,
    11.92738,
    11.817171,
    11.895869,
    11.924359,
    11.92238,
    11.873057,
    11.875088,
    11.939724,
    11.941859,
    11.933577,
    12.215661,
    12.53191,
    12.876858,
    12.603889,
    12.09014,
    11.922224,
    11.884463,
    11.860349,
    11.950765,
    11.929776,
    11.962171,
    11.876494,
    11.943682,
    11.899359,
    11.954984,
    11.900818,
    11.951911,
    14.437481,
    12.194254,
    11.995088,
    12.260817,
    12.040453,
    11.949984,
    11.938474,
    12.001337,
    11.998213,
    11.958474,
    11.905348,
    11.946911,
    11.970557,
    11.927744,
    11.910088,
    12.905711,
    11.949254,
    12.233681,
    12.200505,
    12.923263,
    12.096442,
    11.917693,
    11.916338,
    11.927796,
    11.929254,
    11.929099,
    11.933995,
    11.925869,
    11.924671,
    11.928942,
    11.945401,
    11.90113,
    11.92764,
    11.933578,
    11.917745,
    11.922015,
    11.931858,
    11.930505,
    11.920974,
    11.908004,
    11.92462,
    11.925244,
    11.946703,
    11.915869,
    11.926599,
    11.921234,
    11.922536,
    12.309202,
    12.55941,
    12.373941,
    12.128942,
    12.064411,
    12.00264,
    11.971182,
    11.926651,
    11.943525,
    11.899775,
    11.95238,
    11.912692,
    11.897796,
    11.917484,
    11.920036,
    11.969619,
    11.941495,
    11.940713,
    11.942328,
    11.982692,
    12.054619,
    12.02264,
    12.063317,
    12.017067,
    12.042223,
    12.039567,
    12.037692,
    12.018525,
    12.100452,
    11.978317,
    12.055557,
    12.068838,
    12.141338,
    12.090505,
    11.971911,
    12.016703,
    11.982952,
    12.015557,
    11.994724,
    12.03613,
    12.052692,
    12.129358,
    12.115036,
    12.091702,
    12.086025,
    12.002223,
    12.010192,
    12.049254,
    12.022536,
    12.063785,
    12.045609,
    12.021858,
    12.075973,
    12.063369,
    12.073317,
    12.053213,
    12.019463,
    12.018578,
    12.063994,
    12.011598,
    12.007953,
    12.004932,
    12.020817,
    12.04165,
    12.02889,
    12.001702,
    12.015765,
    12.046182,
    12.048838,
    12.035817,
    12.039046,
    12.034567,
    12.03441,
    12.022432,
    12.034151,
    12.053994,
    12.013109,
    12.065504,
    12.038838,
    13.825398,
    13.970606,
    14.019252,
    13.96045,
    13.939617,
    13.953991,
    13.965918,
    13.527846,
    13.257117,
    13.271076,
    13.300295,
    13.274097,
    13.237326,
    13.247795,
    13.317899,
    13.290868,
    13.280086,
    14.159876,
    13.363732,
    13.628367,
    13.603576,
    13.462899,
    13.655971,
    13.959095,
    13.957012,
    13.95821,
    13.955554,
    13.988418,
    13.964408,
    14.705397,
    13.336232,
    13.287325,
    13.225763,
    13.208264,
    13.268784,
    13.290555,
    13.283212,
    13.321024,
    13.521284,
    13.565398,
    13.65519,
    13.415763,
    13.372742,
    13.358784,
    13.297065,
    13.307795,
    13.253941,
    13.261284,
    13.22618,
    13.222065,
    13.285295,
    13.269306,
    13.56019,
    13.535086,
    13.534721,
    13.54269,
    13.599512,
    13.524774,
    13.563002,
    13.456857,
    13.19717,
    13.262169,
    13.213107,
    13.192743,
    13.163784,
    13.198993,
    13.180763,
    13.232325,
    13.193316,
    13.201233,
    13.219097,
    13.190555,
    13.189514,
    13.233107,
    13.199044,
    13.172951,
    13.228367,
    13.215346,
