{
  "label": "Unauthenticated",
  "lost": 0,
  "pps": 328.1669195859508,
  "mean": 2.937181535,
  "median": 2.9238585,
  "standardDeviation": 0.14644074492275128,
  "max": 4.213079,
  "min": 2.808338,
  "minMaxMidrange": 3.5107085,
  "minMaxRange": 1.4047409999999996,
  "lowLatencyReadings": 1000,
  "mediumLatencyReadings": 1000,
  "highLatencyReadings": 1000,
  "roundTripTimes": [
    3.361099,
    3.712453,
    3.821517,
    4.015683,
    4.213079,
    3.991881,
    3.549745,
    3.577037,
    3.659641,
    3.730631,
    3.786099,
    3.517974,
    3.780787,
    3.507714,
    3.470213,
    3.45386,
    3.447088,
    3.409744,
    3.437557,
    3.474276,
    3.34787,
    3.321932,
    3.334693,
    3.357348,
    3.339068,
    3.277036,
    3.444849,
    3.145994,
    3.218078,
    3.252869,
    3.315213,
    3.222869,
    3.116671,
    3.06516,
    3.114015,
    3.114536,
    3.086671,
    2.892817,
    2.936462,
    2.867504,
    2.860317,
    2.917817,
    2.926567,
    2.83589,
    2.865942,
    2.928026,
    2.928442,
    2.869587,
    2.855109,
    2.857869,
    2.867088,
    2.87313,
    2.855838,
    2.869171,
    2.860421,
    2.861202,
    2.862973,
    2.906879,
    2.950057,
    2.873077,
    2.868233,
    2.849067,
    2.8474,
    2.856463,
    2.885629,
    2.844796,
    2.852036,
    3.622453,
    2.962765,
    2.904275,
    2.918182,
    2.928651,
    2.925577,
    2.925421,
    2.922922,
    2.884379,
    2.852661,
    2.917244,
    2.928338,
    2.880994,
    2.851775,
    2.928599,
    2.874275,
    2.892088,
    2.877765,
    2.927505,
    2.880733,
    2.886098,
    2.894692,
    2.924171,
    2.926672,
    3.574537,
    3.049484,
    2.912036,
    2.945369,
    2.859535,
    2.925421,
    2.859223,
    2.92365,
    2.915369,
    2.926932,
    2.927349,
    2.9274,
    2.896514,
    2.959119,
    2.92714,
    2.923286,
    2.929066,
    2.928494,
    2.922452,
    2.925838,
    2.925577,
    2.927661,
    2.930369,
    2.89438,
    2.957088,
    2.926619,
    2.926515,
    2.930733,
    2.92714,
    2.92714,
    2.926931,
    2.928025,
    2.924744,
    2.921776,
    2.927817,
    2.926566,
    2.928494,
    2.926984,
    2.888025,
    2.835265,
    2.895629,
    2.963911,
    2.926775,
    2.924901,
    2.931515,
    2.929432,
    2.925005,
    2.884535,
    2.880629,
    2.889276,
    2.927036,
    2.924796,
    2.927453,
    2.927296,
    2.935734,
    2.895264,
    2.950057,
    2.928546,
    2.924744,
    2.926098,
    2.888546,
    2.839848,
    2.931203,
    2.925734,
    2.930838,
    2.924067,
    2.837139,
    2.889849,
    2.929848,
    2.859275,
    2.886202,
    2.91063,
    2.922713,
    2.858286,
    2.881307,
    2.920942,
    2.927661,
    2.922973,
    2.926463,
    2.927348,
    2.93714,
    2.917349,
    2.845629,
    2.870317,
    2.926098,
    2.926827,
    2.924067,
    2.926619,
    2.933754,
    2.926619,
    2.924536,
    2.927661,
    2.92964,
    2.867765,
    2.852765,
    2.927087,
    2.924171,
    2.851359,
    2.880264,
    2.925629,
    2.860109,
    2.869171,
    2.922192,
    2.926202,
    2.927921,
    2.923911,
    2.942504,
    2.914536,
    2.925994,
    2.872087,
    2.854015,
    2.926514,
    2.926619,
    2.928337,
    2.886515,
    2.920526,
    2.845525,
    2.926671,
    2.896359,
    2.952921,
    2.831723,
    2.895577,
    2.886046,
    2.845421,
    2.929848,
    2.925057,
    2.926254,
    3.626881,
    3.022036,
    2.903754,
    2.896567,
    2.929067,
    2.832869,
    2.89063,
    2.929015,
    2.813338,
    2.832973,
    2.881932,
    2.931254,
    2.873129,
    2.849119,
    2.851358,
    2.87615,
    2.849691,
    2.880994,
    2.946879,
    2.906827,
    2.927713,
    2.885004,
    2.851619,
    2.867557,
    3.528547,
    3.008078,
    2.914432,
    2.930369,
    2.927504,
    2.814431,
    2.907921,
    2.840161,
    2.846411,
    2.868702,
    2.899223,
    2.926931,
    2.927817,
    2.927817,
    2.845109,
    2.884744,
    2.885733,
    2.837921,
    2.927556,
    2.889431,
    2.850369,
    2.877191,
    2.846619,
    2.91938,
    2.926879,
    2.925421,
    2.925942,
    2.926255,
    2.926984,
    2.90865,
    2.948494,
    2.923442,
    2.903755,
    2.868338,
    2.880994,
    2.929796,
    2.932504,
    2.882139,
    2.839067,
    2.858807,
    2.872608,
    2.834171,
    2.870525,
    2.925525,
    2.8299,
    2.809118,
    2.912556,
    2.929535,
    2.948703,
    2.902088,
    2.925526,
    2.928129,
    2.927192,
    2.928494,
    2.897921,
    2.9549,
    2.924692,
    2.927036,
    2.926983,
    2.925941,
    2.928911,
    2.987609,
    3.115057,
    3.175786,
    2.967088,
    2.91641,
    2.894849,
    2.927088,
    2.825941,
    2.911932,
    2.921046,
    2.926932,
    2.840265,
    2.899119,
    2.863494,
    2.812139,
    2.829327,
    2.823337,
    2.879223,
    2.851775,
    2.903077,
    2.925369,
    2.930786,
    2.831984,
    2.893494,
    2.818755,
    2.833442,
    2.882609,
    2.926671,
    2.9224,
    2.927088,
    2.847036,
    2.903338,
    2.902661,
    2.928754,
    2.930473,
    2.9349,
    2.9099,
    2.925161,
    2.948338,
    2.905473,
    2.928807,
    2.934848,
    2.919796,
    2.960942,
    2.882348,
    2.909484,
    2.928077,
    2.928078,
    2.931515,
    2.923702,
    2.924067,
    2.932661,
    2.917609,
    2.925994,
    2.953494,
    2.907035,
    2.87839,
    2.853338,
    2.911098,
    2.927556,
    2.927452,
    2.864171,
    2.867088,
    3.594173,
    2.954067,
    2.888546,
    2.890473,
    2.933858,
    2.920004,
    2.923546,
    2.872296,
    2.858598,
    2.913962,
    2.929849,
    2.888442,
    2.904952,
    2.862869,
    2.924692,
    2.923181,
    2.887504,
    2.861619,
    2.906619,
    2.919067,
    2.910785,
    2.926932,
    2.926931,
    2.933182,
    2.923233,
    2.92188,
    2.926984,
    2.937661,
    2.9149,
    2.893494,
    2.860473,
    2.902921,
    3.618964,
    2.904327,
    2.89063,
    2.920213,
    2.923078,
    2.907713,
    2.947088,
    2.924379,
    2.926255,
    2.924796,
    2.926515,
    2.926254,
    2.926307,
    2.925786,
    2.919432,
    2.923234,
    2.922609,
    2.931202,
    2.919588,
    2.920942,
    2.923442,
    2.923494,
    2.925473,
    2.919796,
    2.92589,
    2.84839,
    2.879327,
    2.926567,
    2.831307,
    2.901514,
    2.926358,
    2.883598,
    2.846358,
    2.922192,
    2.922973,
    2.878599,
    2.854483,
    2.928129,
    2.922557,
    2.929588,
    2.92214,
    2.926203,
    2.924484,
    2.92839,
    2.951775,
    2.899484,
    2.925317,
    2.937765,
    2.861671,
    2.852348,
    2.928651,
    2.924015,
    2.949848,
    2.904327,
    2.926358,
    2.925629,
    2.932973,
    2.932297,
    2.919119,
    2.829535,
    2.891983,
    2.926411,
    2.927192,
    2.831931,
    2.901879,
    2.923806,
    2.883598,
    2.840578,
    2.927244,
    2.926879,
    2.926254,
    2.926411,
    2.824223,
    2.911202,
    2.9299,
    2.838703,
    2.884484,
    2.903598,
    2.926411,
    2.927713,
    2.853077,
    2.884379,
    2.912661,
    2.926046,
    2.938546,
    2.915317,
    2.926254,
    2.925525,
    2.933963,
    2.920994,
    2.935889,
    2.922817,
    2.892973,
    2.927036,
    2.870005,
    2.858963,
    2.927087,
    2.920578,
    2.83214,
    2.893025,
    2.925421,
    2.928806,
    2.925837,
    2.867192,
    2.867556,
    2.923911,
    2.9274,
    2.838754,
    2.895994,
    2.91563,
    2.927921,
    2.922296,
    2.932453,
    2.925213,
    2.925942,
    2.934952,
    2.91641,
    2.93589,
    2.915265,
    3.673703,
    2.964223,
    2.888599,
    2.920838,
    2.932348,
    2.920473,
    2.927035,
    2.847817,
    2.884952,
    2.925213,
    2.863598,
    2.863754,
    2.979484,
    2.871462,
    2.905004,
    2.94089,
    2.92938,
    3.031828,
    2.927296,
    2.930474,
    2.923858,
    2.926983,
    2.86464,
    2.861307,
    2.925265,
    2.909327,
    2.930004,
    2.921723,
    2.950838,
    2.836983,
