{
  "label": "Unauthorized",
  "lost": 0,
  "pps": 528.2011523348318,
  "mean": 1.809025093,
  "median": 1.7987004999999998,
  "standardDeviation": 0.06669225151227186,
  "max": 2.400316,
  "min": 1.70443,
  "minMaxMidrange": 2.0523730000000002,
  "minMaxRange": 0.6958860000000002,
  "lowLatencyReadings": 1000,
  "mediumLatencyReadings": 1000,
  "highLatencyReadings": 1000,
  "roundTripTimes": [
    1.897346,
    1.873961,
    1.908128,
    1.920836,
    1.933389,
    1.914013,
    1.938388,
    1.918336,
    1.996722,
    1.885472,
    1.894951,
    1.92542,
    1.924638,
    1.926565,
    1.935212,
    1.924846,
    1.926462,
    1.923232,
    1.925627,
    1.92719,
    1.935159,
    1.914378,
    1.92469,
    1.923596,
    1.927503,
    1.925524,
    1.927607,
    1.925211,
    1.928284,
    1.926357,
    1.927295,
    1.928753,
    1.923544,
    1.926982,
    1.926774,
    1.923909,
    1.927555,
    1.927399,
    1.925471,
    1.926304,
    1.926982,
    1.866148,
    1.872242,
    1.914534,
    1.926826,
    1.925523,
    1.926982,
    1.935523,
    1.923857,
    1.925993,
    1.922086,
    1.925941,
    1.925368,
    1.924169,
    1.928024,
    1.950941,
    1.953336,
    1.956774,
    1.990785,
    1.989482,
    2.005732,
    1.934222,
    1.946045,
    2.015315,
    2.064014,
    2.023232,
    1.971409,
    2.061618,
    2.006357,
    2.057243,
    2.020367,
    1.999482,
    2.007139,
    2.040107,
    2.078754,
    2.12292,
    1.983388,
    2.01594,
    1.977815,
    1.994326,
    1.967972,
    1.92792,
    1.917763,
    1.915471,
    1.900316,
    1.958492,
    1.956826,
    2.037816,
    1.938441,
    2.02641,
    1.911409,
    1.916462,
    1.946774,
    2.042347,
    1.931774,
    1.938649,
    1.928805,
    2.169431,
    2.076201,
    1.929014,
    1.994274,
    1.943441,
    1.973805,
    1.991826,
    1.924586,
    1.956878,
    1.982346,
    1.963961,
    2.176514,
    1.925367,
    2.071305,
    1.8687,
    1.84344,
    1.865055,
    1.793283,
    1.812294,
    1.792294,
    1.803909,
    1.808232,
    1.806148,
    1.793023,
    1.800784,
    1.798544,
    1.812138,
    1.788232,
    1.800732,
    1.799117,
    1.808128,
    1.799794,
    1.797659,
    1.811097,
    1.794274,
    1.807971,
    1.79443,
    1.808284,
    1.796357,
    1.800315,
    1.801097,
    1.804378,
    1.800315,
    1.808231,
    1.795836,
    1.82568,
    1.778492,
    1.807764,
    1.798284,
    1.799586,
    1.802659,
    1.800628,
    1.800784,
    1.806774,
    1.79594,
    1.799847,
    1.802294,
    1.808076,
    1.796148,
    1.801565,
    1.806513,
    1.797346,
    1.802086,
    1.80443,
    1.805575,
    1.796513,
    1.800888,
    1.808284,
    1.746878,
    1.805263,
    1.798127,
    1.801201,
    1.800472,
    1.798492,
    1.80693,
    1.758597,
    1.762763,
    1.803075,
    1.804325,
    1.798649,
    1.761044,
    1.791096,
    1.803909,
    1.805524,
    1.760315,
    1.765836,
    1.806149,
    1.795159,
    1.803024,
    1.756357,
    1.80193,
    1.752659,
    1.769534,
    1.807764,
    1.801409,
    1.796773,
    1.806722,
    1.796826,
    1.760523,
    1.842295,
    1.808127,
    1.79568,
    1.803128,
    1.761357,
    1.788336,
    1.805575,
    1.804586,
    1.753961,
    1.76719,
    1.764691,
    1.794065,
    1.757503,
    1.768023,
    1.799065,
    1.803493,
    1.805523,
    1.771305,
    1.824898,
    1.80443,
    1.805316,
    1.767294,
    1.812972,
    1.759326,
    1.853648,
    1.788752,
    1.79792,
    1.761877,
    1.836773,
    1.759013,
    1.796148,
    1.777294,
    1.800784,
    1.80167,
    1.759638,
    1.761982,
    1.834691,
    1.801461,
    1.756097,
    1.782242,
    1.78995,
    1.793805,
    1.800107,
    1.805263,
    1.805419,
    1.796722,
    1.800627,
    1.806305,
    1.801825,
    1.800419,
    1.799638,
    1.820992,
    1.784638,
    1.80068,
    1.803648,
    1.807346,
    1.79344,
    1.805263,
    1.814534,
    1.795836,
    1.79969,
    1.803596,
    1.811253,
    1.781669,
    1.803544,
    1.809221,
    1.80969,
    1.794898,
    1.799899,
    1.812346,
    1.785367,
    1.823649,
    1.912295,
    1.992034,
    1.884013,
    2.058753,
    1.91693,
    1.806617,
    1.812607,
    1.897607,
    1.801982,
    1.858597,
    1.803023,
    1.802815,
    1.801201,
    1.81068,
    1.794169,
    1.802086,
    1.79818,
    1.808649,
    1.796982,
    1.816669,
    1.808856,
    1.796774,
    1.800419,
    1.803544,
    1.806149,
    1.7587,
    1.91068,
    1.772763,
    1.804847,
    1.802555,
    1.79719,
    1.802711,
    1.807919,
    1.793597,
    1.760315,
    1.804013,
    1.751253,
    1.781253,
    1.790888,
    1.791461,
    1.889169,
    1.798076,
    1.806722,
    1.795263,
    1.759482,
    1.810055,
    1.791201,
    1.778805,
    1.788596,
    1.809638,
    1.803961,
    1.793128,
    1.808753,
    1.836618,
    1.860576,
    1.840628,
    1.793805,
    1.75443,
    1.794274,
    1.870055,
    1.868909,
    1.922139,
    1.925368,
    1.92594,
    1.926097,
    1.818232,
    1.782763,
    1.798909,
    1.76245,
    1.850627,
    1.747972,
    1.843857,
    1.804638,
    1.796409,
    1.79969,
    1.770836,
    1.841617,
    1.795159,
    1.758336,
    1.782347,
    1.812086,
    1.798075,
    1.808544,
    1.831201,
    1.800367,
    1.760836,
    1.802867,
    1.842763,
    1.760472,
    1.838909,
    1.801982,
    1.836096,
    1.838441,
    1.928961,
    1.78943,
    1.880784,
    1.86943,
    2.400316,
    1.870471,
    1.835367,
    1.831305,
    1.779065,
    1.82542,
    1.802346,
    1.79792,
    1.798805,
    1.800419,
    1.80292,
    1.800992,
    1.802555,
    1.805003,
    1.795836,
    1.805628,
    1.799847,
    1.806825,
    1.798493,
    1.821513,
    1.795107,
    1.78594,
    1.804117,
    1.801461,
    1.801929,
    1.80469,
    1.801826,
    1.800576,
    1.803127,
    1.797555,
    1.840472,
    1.838075,
    1.79818,
    1.821617,
    1.806773,
    1.795679,
    1.797451,
    1.809533,
    1.795211,
    1.807451,
    1.797033,
    1.801044,
    1.806982,
    1.761461,
    1.770992,
    1.800471,
    1.793701,
    1.794325,
    1.812972,
    1.802451,
    1.799638,
    1.798075,
    1.803075,
    1.806982,
    1.796513,
    1.805159,
    1.800888,
    1.797815,
    1.80245,
    1.805993,
    1.791201,
    1.807086,
    1.804066,
    1.799169,
    1.80193,
    1.807867,
    1.785367,
    1.762972,
    1.750784,
    1.774274,
    1.800315,
    1.802398,
    1.800888,
    1.76068,
    1.803388,
    1.799169,
    1.760419,
    1.771981,
    1.791825,
    1.761826,
    1.736982,
    1.772972,
    1.810575,
    1.790055,
    1.802659,
    1.804274,
    1.728388,
    1.749638,
    1.723283,
    1.756929,
    1.767138,
    1.735523,
    1.778179,
    1.761148,
    1.770107,
    1.742816,
    1.766878,
    1.770888,
    1.729638,
    1.800471,
    1.78719,
    1.763804,
    1.750419,
    1.788909,
    1.758961,
    1.765992,
    1.738856,
    1.773596,
    1.793596,
    1.727451,
    1.816878,
    1.731669,
    1.778441,
    1.728492,
    1.756253,
    1.719117,
    1.763909,
    1.808961,
    1.796097,
    1.720523,
    1.741774,
    1.732398,
    1.758492,
    1.713648,
    1.769325,
    1.725627,
    1.744586,
    1.80292,
    1.807502,
    1.800628,
    1.80193,
    1.795368,
    1.717086,
    1.763232,
    1.761096,
    1.718596,
    1.801409,
    1.797242,
    1.800523,
    1.773544,
    1.737763,
    1.770367,
    1.756565,
    1.801617,
    1.734742,
    1.764898,
    1.733336,
    1.764742,
    1.79719,
    1.80667,
    1.70443,
    1.762972,
    1.767659,
    1.750836,
    1.773597,
    1.785783,
    1.715732,
    1.776096,
    1.80594,
    1.787242,
    1.801722,
    1.765628,
    1.753909,
    1.764273,
    1.763388,
    1.740888,
    1.764325,
    1.729118,
    1.757816,
    1.800524,
    1.721982,
    1.757086,
    1.764169,
    1.747919,
    1.768596,
    1.806253,
    1.757346,
    1.746669,
    1.760836,
    1.730002,
    1.757242,
